,r-,date,docket,name,name_url,revised,revised_url,j.,pt.
0,79,6/26/13,12-307,United States v. Windsor,https://www.supremecourt.gov/opinions/12pdf/12-307_6j37.pdf,,,K,570/2
1,78,6/26/13,12-357,Sekhar v. United States,https://www.supremecourt.gov/opinions/12pdf/12-357_bq7c.pdf,,,AS,570/2
2,77,6/26/13,12-144,Hollingsworth v. Perry,https://www.supremecourt.gov/opinions/12pdf/12-144_8ok0.pdf,,,R,570/2
3,76,6/25/13,12-399,Adoptive Couple v. Baby Girl,https://www.supremecourt.gov/opinions/12pdf/12-399_q86b.pdf,,,A,570/2
4,75,6/25/13,11-1447,Koontz v. St. Johns River Water Management Dist.,https://www.supremecourt.gov/opinions/12pdf/11-1447_4e46.pdf,,,A,570/2
5,74,6/25/13,12-96,Shelby County v. Holder,https://www.supremecourt.gov/opinions/12pdf/12-96_6k47.pdf,,,R,570/2
6,73,6/24/13,12-1084,Ryan v. Schad,https://www.supremecourt.gov/opinions/12pdf/12-1084_ap6c.pdf,,,PC,570/2
7,72,6/24/13,12-142,Mutual Pharmaceutical Co. v. Bartlett,https://www.supremecourt.gov/opinions/12pdf/12-142_8njq.pdf,,,A,570/2
8,71,6/24/13,11-556,Vance v. Ball State Univ.,https://www.supremecourt.gov/opinions/12pdf/11-556_11o2.pdf,,,A,570/2
9,70,6/24/13,12-418,United States v. Kebodeaux,https://www.supremecourt.gov/opinions/12pdf/12-418_7k8b.pdf,,,B,570/2
10,69,6/24/13,12-484,University of Tex. Southwestern Medical Center v. Nassar,https://www.supremecourt.gov/opinions/12pdf/12-484_o759.pdf,,,K,570/2
11,68,6/24/13,11-345,Fisher v. University of Texas at Austin,https://www.supremecourt.gov/opinions/12pdf/11-345_l5gm.pdf,,,K,570/2
12,67,6/20/13,11-9540,Descamps v. United States,https://www.supremecourt.gov/opinions/12pdf/11-9540_6k47.pdf,,,EK,570/1
13,66,6/20/13,12-133,American Express Co. v. Italian Colors Restaurant,https://www.supremecourt.gov/opinions/12pdf/12-133_19m1.pdf,,,AS,570/1
14,65,6/20/13,12-10,"Agency for Int'l Development v. Alliance for Open Society Int'l, Inc.",https://www.supremecourt.gov/opinions/12pdf/12-10_21p3.pdf,,,R,570/1
15,64,6/17/13,12-246,Salinas v. Texas,https://www.supremecourt.gov/opinions/12pdf/12-246_7l48.pdf,,,A,570/1
16,63,6/17/13,12-416,"FTC v. Actavis, Inc.",https://www.supremecourt.gov/opinions/12pdf/12-416_m5n0.pdf,,,B,570/1
17,62,6/17/13,11-9335,Alleyne v. United States,https://www.supremecourt.gov/opinions/12pdf/11-9335_b8cf.pdf,,,T,570/1
18,61,6/17/13,12-25,Maracich v. Spears,https://www.supremecourt.gov/opinions/12pdf/12-25_4314.pdf,,,K,570/1
19,60,6/17/13,12-71,"Arizona v. Inter Tribal Council of Ariz., Inc.",https://www.supremecourt.gov/opinions/12pdf/12-71_7l48.pdf,,,AS,570/1
20,59,6/13/13,11-798,"American Trucking Assns., Inc. v. Los Angeles",https://www.supremecourt.gov/opinions/12pdf/11-798_anbf.pdf,,,EK,569/2
21,58,6/13/13,11-889,Tarrant Regional Water Dist. v. Herrmann,https://www.supremecourt.gov/opinions/12pdf/11-889_5ie6.pdf,,,SS,569/2
22,57,6/13/13,12-167,United States v. Davila,https://www.supremecourt.gov/opinions/12pdf/12-167_d1oe.pdf,,,G,569/2
23,56,6/13/13,12-398,"Association for Molecular Pathology v. Myriad Genetics, Inc.",https://www.supremecourt.gov/opinions/12pdf/12-398_1b7d.pdf,,,T,569/2
24,55,6/10/13,12-135,Oxford Health Plans LLC v. Sutter,https://www.supremecourt.gov/opinions/12pdf/12-135_e1p3.pdf,,,EK,569/2
25,54,6/10/13,12-62,Peugh v. United States,https://www.supremecourt.gov/opinions/12pdf/12-62_5g68.pdf,,,SS,569/2
26,53,6/10/13,12-123,Horne v. Department of Agriculture,https://www.supremecourt.gov/opinions/12pdf/12-123_c07d.pdf,,,T,569/2
27,52,6/03/13,12-694,Nevada v. Jackson,https://www.supremecourt.gov/opinions/12pdf/12-694_5368.pdf,,,PC,569/2
28,51,6/03/13,11-1221,Hillman v. Maretta,https://www.supremecourt.gov/opinions/12pdf/11-1221_7l48.pdf,,,SS,569/2
29,50,6/03/13,12-207,Maryland v. King,https://www.supremecourt.gov/opinions/12pdf/12-207_d18e.pdf,,,K,569/2
30,49,5/28/13,11-10189,Trevino v. Thaler,https://www.supremecourt.gov/opinions/12pdf/11-10189_6k47.pdf,,,B,569/2
31,48,5/28/13,12-126,McQuiggin v. Perkins,https://www.supremecourt.gov/opinions/12pdf/12-126_lkgn.pdf,,,G,569/2
32,47,5/20/13,12-236,Sebelius v. Cloer,https://www.supremecourt.gov/opinions/12pdf/12-236_9ok0.pdf,,,SS,569/1
33,46,5/20/13,12-547,Metrish v. Lancaster,https://www.supremecourt.gov/opinions/12pdf/12-547_0pm1.pdf,,,G,569/1
34,45,5/20/13,12-43,PPL Corp. v. Commissioner,https://www.supremecourt.gov/opinions/12pdf/12-43_g20h.pdf,,,T,569/1
35,44,5/20/13,11-1545,Arlington v. FCC,https://www.supremecourt.gov/opinions/12pdf/11-1545_1b7d.pdf,,,AS,569/1
36,43,5/13/13,11-796,Bowman v. Monsanto Co.,https://www.supremecourt.gov/opinions/12pdf/11-796_c07d.pdf,,,EK,569/1
37,42,5/13/13,11-1518,"Bullock v. BankChampaign, N. A.",https://www.supremecourt.gov/opinions/12pdf/11-1518_97be.pdf,,,B,569/1
38,41,5/13/13,12-52,"Dan's City Used Cars, Inc. v. Pelkey",https://www.supremecourt.gov/opinions/12pdf/12-52_l537.pdf,,,G,569/1
39,40,4/29/13,11-9953,Boyer v. Louisiana,https://www.supremecourt.gov/opinions/12pdf/11-9953_4h25.pdf,,,PC,569/1
40,39,4/29/13,12-17,McBurney v. Young,https://www.supremecourt.gov/opinions/12pdf/12-17_d1o2.pdf,,,A,569/1
41,38,4/23/13,11-702,Moncrieffe v. Holder,https://www.supremecourt.gov/opinions/12pdf/11-702_9p6b.pdf,,,SS,569/1
42,37,4/17/13,11-1425,Missouri v. McNeely,https://www.supremecourt.gov/opinions/12pdf/11-1425_cb8e.pdf,,,SS,569/1
43,36,4/17/13,10-1491,Kiobel v. Royal Dutch Petroleum Co.,https://www.supremecourt.gov/opinions/12pdf/10-1491_l6gn.pdf,,,R,569/1
44,35,4/16/13,11-1285,"US Airways, Inc. v. McCutchen",https://www.supremecourt.gov/opinions/12pdf/11-1285_i4dk.pdf,,,EK,569/1
45,34,4/16/13,11-1059,Genesis HealthCare Corp. v. Symczyk,https://www.supremecourt.gov/opinions/12pdf/11-1059_5ifl.pdf,,,T,569/1
46,33,4/01/13,12-382,Marshall v. Rodgers,https://www.supremecourt.gov/opinions/12pdf/12-382_4h25.pdf,,,PC,569/1
47,32,3/27/13,11-10362,Millbrook v. United States,https://www.supremecourt.gov/opinions/12pdf/11-10362_2d9g.pdf,,,T,569/1
48,31,3/27/13,11-864,Comcast Corp. v. Behrend,https://www.supremecourt.gov/opinions/12pdf/11-864_k537.pdf,,,AS,569/1
49,30,3/26/13,11-564,Florida v. Jardines,https://www.supremecourt.gov/opinions/12pdf/11-564_5426.pdf,,,AS,569/1
50,29,3/20/13,12-98,Wos v. E. M. A.,https://www.supremecourt.gov/opinions/12pdf/12-98_9ol1.pdf,,,K,568/2
51,28,3/20/13,11-338,Decker v. Northwest Environmental Defense Center,https://www.supremecourt.gov/opinions/12pdf/11-338_kifl.pdf,,,K,568/2
52,27,3/19/13,11-1450,Standard Fire Ins. Co. v. Knowles,https://www.supremecourt.gov/opinions/12pdf/11-1450_9olb.pdf,,,B,568/2
53,26,3/19/13,11-697,"Kirtsaeng v. John Wiley & Sons, Inc.",https://www.supremecourt.gov/opinions/12pdf/11-697_4g15.pdf,,,B,568/2
54,25,3/04/13,11-1351,Levin v. United States,https://www.supremecourt.gov/opinions/12pdf/11-1351_aplc.pdf,,,G,568/2
55,24,2/27/13,11-1085,Amgen Inc. v. Connecticut Retirement Plans and Trust Funds,https://www.supremecourt.gov/opinions/12pdf/11-1085_9o6b.pdf,,,G,568/2
56,23,2/27/13,11-1274,Gabelli v. SEC,https://www.supremecourt.gov/opinions/12pdf/11-1274_aplc.pdf,,,R,568/2
57,22,2/26/13,11-1025,Clapper v. Amnesty International USA,https://www.supremecourt.gov/opinions/12pdf/11-1025_ihdj.pdf,,,A,568/2
58,21,2/26/13,11-1175,Marx v. General Revenue Corp.,https://www.supremecourt.gov/opinions/12pdf/11-1175_4fc5.pdf,,,T,568/2
59,20,2/20/13,11-820,Chaidez v. United States,https://www.supremecourt.gov/opinions/12pdf/11-820_j426.pdf,,,EK,568/2
60,19,2/20/13,11-1327,Evans v. Michigan,https://www.supremecourt.gov/opinions/12pdf/11-1327_7648.pdf,,,SS,568/2
61,18,2/20/13,11-465,Johnson v. Williams,https://www.supremecourt.gov/opinions/12pdf/11-465_g314.pdf,,,A,568/2
62,17,2/20/13,11-9307,Henderson v. United States,https://www.supremecourt.gov/opinions/12pdf/11-9307_jhek.pdf,,,B,568/2
63,16,2/20/13,11-1118,Gunn v. Minton,https://www.supremecourt.gov/opinions/12pdf/11-1118_b97c.pdf,,,R,568/2
64,15,2/19/13,11-817,Florida v. Harris,https://www.supremecourt.gov/opinions/12pdf/11-817_5if6.pdf,,,EK,568/1
65,14,2/19/13,11-1160,"FTC v. Phoebe Putney Health System, Inc.",https://www.supremecourt.gov/opinions/12pdf/11-1160_1824.pdf,,,SS,568/1
66,13,2/19/13,11-770,Bailey v. United States,https://www.supremecourt.gov/opinions/12pdf/11-770_j4ek.pdf,,,K,568/1
67,12,2/19/13,11-1347,Chafin v. Chafin,https://www.supremecourt.gov/opinions/12pdf/11-1347_m648.pdf,,,R,568/1
68,11,1/22/13,11-1231,Sebelius v. Auburn Regional Medical Center,https://www.supremecourt.gov/opinions/12pdf/11-1231_32q3.pdf,,,G,568/1
69,10,1/15/13,11-626,Lozman v. Riviera Beach,https://www.supremecourt.gov/opinions/12pdf/11-626_p8k0.pdf,,,B,568/1
70,9,1/09/13,11-8976,Smith v. United States,https://www.supremecourt.gov/opinions/12pdf/11-8976_k5fl.pdf,,,AS,568/1
71,8,1/09/13,11-982,"Already, LLC v. Nike, Inc.",https://www.supremecourt.gov/opinions/12pdf/11-982_i425.pdf,,,R,568/1
72,7,1/08/13,11-460,"Los Angeles County Flood Control Dist. v. Natural Resources Defense Council, Inc.",https://www.supremecourt.gov/opinions/12pdf/11-460_3ea4.pdf,,,G,568/1
73,6,1/08/13,10-930,Ryan v. Valencia Gonzales,https://www.supremecourt.gov/opinions/12pdf/10-930_7k47.pdf,,,T,568/1
74,5,12/10/12,11-184,Kloeckner v. Solis,https://www.supremecourt.gov/opinions/12pdf/11-184_5ifl.pdf,,,EK,568/1
75,4,12/04/12,11-597,Arkansas Game and Fish Comm'n v. United States,https://www.supremecourt.gov/opinions/12pdf/11-597_i426.pdf,,,G,568/1
76,3,11/26/12,11-1377,"Nitro-Lift Technologies, L. L. C. v. Howard",https://www.supremecourt.gov/opinions/12pdf/11-1377_3e04.pdf,,,PC,568/1
77,2,11/13/12,11-192,United States v. Bormes,https://www.supremecourt.gov/opinions/12pdf/11-192_p246.pdf,,,AS,568/1
78,1,11/05/12,12-168,Lefemine v. Wideman,https://www.supremecourt.gov/opinions/12pdf/12-168_9o6b.pdf,,,PC,568/1
79,75,7/01/14,13-9085,Williams v. Johnson,https://www.supremecourt.gov/opinions/13pdf/13-9085_q4kp.pdf,,,PC,573/2
80,74,6/30/14,13-354,"Burwell v. Hobby Lobby Stores, Inc.",https://www.supremecourt.gov/opinions/13pdf/13-354_olp1.pdf,,,A,573/2
81,73,6/30/14,11-681,Harris v. Quinn,https://www.supremecourt.gov/opinions/13pdf/11-681_j426.pdf,,,A,573/2
82,72,6/26/14,12-1281,NLRB v. Noel Canning,https://www.supremecourt.gov/opinions/13pdf/12-1281_mc8p.pdf,,,B,573/2
83,71,6/26/14,12-1168,McCullen v. Coakley,https://www.supremecourt.gov/opinions/13pdf/12-1168_6k47.pdf,,,R,573/2
84,70,6/25/14,13-461,"American Broadcasting Cos. v. Aereo, Inc.",https://www.supremecourt.gov/opinions/13pdf/13-461_l537.pdf,,,B,573/2
85,69,6/25/14,12-751,Fifth Third Bancorp v. Dudenhoeffer,https://www.supremecourt.gov/opinions/13pdf/12-751_d18e.pdf,,,B,573/2
86,68,6/25/14,13-132,Riley v. California,https://www.supremecourt.gov/opinions/13pdf/13-132_8l9c.pdf,,,R,573/2
87,67,6/23/14,13-316,Loughrin v. United States,https://www.supremecourt.gov/opinions/13pdf/13-316_3204.pdf,,,EK,573/1
88,66,6/23/14,12-1146,Utility Air Regulatory Group v. EPA,https://www.supremecourt.gov/opinions/13pdf/12-1146_4g18.pdf,,,AS,573/1
89,65,6/23/14,13-317,"Halliburton Co. v. Erica P. John Fund, Inc.",https://www.supremecourt.gov/opinions/13pdf/13-317_mlho.pdf,,,R,573/1
90,64,6/19/14,13-301,United States v. Clarke,https://www.supremecourt.gov/opinions/13pdf/13-301_q9m4.pdf,,,EK,573/1
91,63,6/19/14,13-483,Lane v. Franks,https://www.supremecourt.gov/opinions/13pdf/13-483_9o6b.pdf,,,SS,573/1
92,62,6/19/14,13-298,Alice Corp. v. CLS Bank Int'l,https://www.supremecourt.gov/opinions/13pdf/13-298_7lh8.pdf,,,T,573/1
93,61,6/16/14,12-1493,Abramski v. United States,https://www.supremecourt.gov/opinions/13pdf/12-1493_5468.pdf,,,EK,573/1
94,60,6/16/14,13-193,Susan B. Anthony List v. Driehaus,https://www.supremecourt.gov/opinions/13pdf/13-193_omq2.pdf,,,T,573/1
95,59,6/16/14,12-842,"Republic of Argentina v. NML Capital, Ltd.",https://www.supremecourt.gov/opinions/13pdf/12-842_5hdk.pdf,,,AS,573/1
96,58,6/12/14,13-299,Clark v. Rameker,https://www.supremecourt.gov/opinions/13pdf/13-299_6k4c.pdf,,,SS,573/1
97,57,6/12/14,12-761,POM Wonderful LLC v. Coca-Cola Co.,https://www.supremecourt.gov/opinions/13pdf/12-761_6k47.pdf,,,K,573/1
98,56,6/09/14,12-930,Scialabba v. Cuellar de Osorio,https://www.supremecourt.gov/opinions/13pdf/12-930_4g18.pdf,,,EK,573/1
99,55,6/09/14,12-1200,Executive Benefits Ins. Agency v. Arkison,https://www.supremecourt.gov/opinions/13pdf/12-1200_2035.pdf,,,T,573/1
100,54,6/09/14,13-339,CTS Corp. v. Waldburger,https://www.supremecourt.gov/opinions/13pdf/13-339_886a.pdf,,,K,573/1
101,53,6/02/14,12-786,"Limelight Networks, Inc. v. Akamai Technologies, Inc.",https://www.supremecourt.gov/opinions/13pdf/12-786_664d.pdf,,,A,572/2
102,52,6/02/14,13-369,"Nautilus, Inc. v. Biosig Instruments, Inc.",https://www.supremecourt.gov/opinions/13pdf/13-369_1idf.pdf,,,G,572/2
103,51,6/02/14,12-158,Bond v. United States,https://www.supremecourt.gov/opinions/13pdf/12-158_6579.pdf,,,R,572/2
104,50,5/27/14,13-5967,Martinez v. Illinois,https://www.supremecourt.gov/opinions/13pdf/13-5967_7m5e.pdf,,,PC,572/2
105,49,5/27/14,12-515,Michigan v. Bay Mills Indian Community,https://www.supremecourt.gov/opinions/13pdf/12-515_jq2i.pdf,,,EK,572/2
106,48,5/27/14,12-1117,Plumhoff v. Rickard,https://www.supremecourt.gov/opinions/13pdf/12-1117_1bn5.pdf,,,A,572/2
107,47,5/27/14,13-115,Wood v. Moss,https://www.supremecourt.gov/opinions/13pdf/13-115_gdil.pdf,,,G,572/2
108,46,5/27/14,12-10882,Hall v. Florida,https://www.supremecourt.gov/opinions/13pdf/12-10882_kkg1.pdf,,,K,572/2
109,45,5/19/14,12-1315,"Petrella v. Metro-Goldwyn-Mayer, Inc.",https://www.supremecourt.gov/opinions/13pdf/12-1315_f20h.pdf,,,G,572/2
110,44,5/05/14,13-551,Tolan v. Cotton,https://www.supremecourt.gov/opinions/13pdf/13-551_ihdk.pdf,,,PC,572/2
111,43,5/05/14,12-9012,Robers v. United States,https://www.supremecourt.gov/opinions/13pdf/12-9012_3e04.pdf,,,B,572/2
112,42,5/05/14,12-696,Town of Greece v. Galloway,https://www.supremecourt.gov/opinions/13pdf/12-696_bpm1.pdf,,,K,572/2
113,41,4/29/14,12-1163,"Highmark Inc. v. Allcare Health Management System, Inc.",https://www.supremecourt.gov/opinions/13pdf/12-1163_8o6g.pdf,,,SS,572/2
114,40,4/29/14,12-1184,"Octane Fitness, LLC v. ICON Health & Fitness, Inc.",https://www.supremecourt.gov/opinions/13pdf/12-1184_gdhl.pdf,,,SS,572/2
115,39,4/29/14,12-1182,"EPA v. EME Homer City Generation, L. P.",https://www.supremecourt.gov/opinions/13pdf/12-1182_553a.pdf,,,G,572/2
116,38,4/23/14,12-8561,Paroline v. United States,https://www.supremecourt.gov/opinions/13pdf/12-8561_7758.pdf,,,K,572/1
117,37,4/23/14,12-794,White v. Woodall,https://www.supremecourt.gov/opinions/13pdf/12-794_87ad.pdf,,,AS,572/1
118,36,4/22/14,12-9490,Prado Navarette v. California,https://www.supremecourt.gov/opinions/13pdf/12-9490_3fb4.pdf,,,T,572/1
119,35,4/22/14,12-682,Schuette v. BAMN,https://www.supremecourt.gov/opinions/13pdf/12-682_8759.pdf,,,K,572/1
120,34,4/02/14,12-462,"Northwest, Inc. v. Ginsberg",https://www.supremecourt.gov/opinions/13pdf/12-462_p8k0.pdf,,,A,572/1
121,33,4/02/14,12-536,McCutcheon v. Federal Election Comm'n,https://www.supremecourt.gov/opinions/13pdf/12-536_e1pf.pdf,,,R,572/1
122,32,3/26/14,12-1371,United States v. Castleman,https://www.supremecourt.gov/opinions/13pdf/12-1371_6b35.pdf,,,SS,572/1
123,31,3/25/14,12-1408,"United States v. Quality Stores, Inc.",https://www.supremecourt.gov/opinions/13pdf/12-1408_6468.pdf,,,K,572/1
124,30,3/25/14,12-873,"Lexmark Int'l, Inc. v. Static Control Components, Inc.",https://www.supremecourt.gov/opinions/13pdf/12-873_3dq3.pdf,,,AS,572/1
125,29,3/10/14,12-1173,Marvin M. Brandt Revocable Trust v. United States,https://www.supremecourt.gov/opinions/13pdf/12-1173_nlio.pdf,,,R,572/1
126,28,3/05/14,12-895,Rosemond v. United States,https://www.supremecourt.gov/opinions/13pdf/12-895_3d9g.pdf,,,EK,572/1
127,27,3/05/14,12-138,BG Group plc v. Republic of Argentina,https://www.supremecourt.gov/opinions/13pdf/12-138_97be.pdf,,,B,572/1
128,26,3/05/14,12-820,Lozano v. Montoya Alvarez,https://www.supremecourt.gov/opinions/13pdf/12-820_3co3.pdf,,,T,572/1
129,25,3/04/14,12-3,Lawson v. FMR LLC,https://www.supremecourt.gov/opinions/13pdf/12-3_4f57.pdf,,,G,571/2
130,24,3/04/14,12-5196,Law v. Siegel,https://www.supremecourt.gov/opinions/13pdf/12-5196_8mjp.pdf,,,AS,571/2
131,23,2/26/14,12-79,Chadbourne & Parke LLP v. Troice,https://www.supremecourt.gov/opinions/13pdf/12-79_l13k.pdf,,,B,571/2
132,22,2/26/14,12-1038,United States v. Apel,https://www.supremecourt.gov/opinions/13pdf/12-1038_6jgm.pdf,,,R,571/2
133,21,2/25/14,12-464,Kaley v. United States,https://www.supremecourt.gov/opinions/13pdf/12-464_7mi8.pdf,,,EK,571/2
134,20,2/25/14,12-7822,Fernandez v. California,https://www.supremecourt.gov/opinions/13pdf/12-7822_he4l.pdf,,,A,571/2
135,19,2/25/14,12-574,Walden v. Fiore,https://www.supremecourt.gov/opinions/13pdf/12-574_8mj9.pdf,,,T,571/2
136,18,2/24/14,13-6440,Hinton v. Alabama,https://www.supremecourt.gov/opinions/13pdf/13-6440_m7ie.pdf,,,PC,571/2
137,17,1/27/14,12-315,Air Wisconsin Airlines Corp. v. Hoeper,https://www.supremecourt.gov/opinions/13pdf/12-315_6537.pdf,,,SS,571/2
138,16,1/27/14,12-417,Sandifer v. United States Steel Corp.,https://www.supremecourt.gov/opinions/13pdf/12-417_9okb.pdf,,,AS,571/2
139,15,1/27/14,12-7515,Burrage v. United States,https://www.supremecourt.gov/opinions/13pdf/12-7515_21p3.pdf,,,AS,571/2
140,14,1/22/14,12-1128,"Medtronic, Inc. v. Mirowski Family Ventures, LLC",https://www.supremecourt.gov/opinions/13pdf/12-1128_h315.pdf,,,B,571/2
141,13,1/15/14,12-992,Ray Haluch Gravel Co. v. Central Pension Fund of Operating Engineers and Participating Employers,https://www.supremecourt.gov/opinions/13pdf/12-992_q8l1.pdf,,,K,571/1
142,12,1/14/14,12-1036,Mississippi ex rel. Hood v. AU Optronics Corp.,https://www.supremecourt.gov/opinions/13pdf/12-1036_0971.pdf,,,SS,571/1
143,11,1/14/14,11-965,Daimler AG v. Bauman,https://www.supremecourt.gov/opinions/13pdf/11-965_1qm2.pdf,,,G,571/1
144,10,12/16/13,12-729,Heimeshoff v. Hartford Life & Accident Ins. Co.,https://www.supremecourt.gov/opinions/13pdf/12-729_q8l1.pdf,,,T,571/1
145,9,12/11/13,12-609,Kansas v. Cheever,https://www.supremecourt.gov/opinions/13pdf/12-609_g314.pdf,,,SS,571/1
146,8,12/10/13,12-99,Unite Here Local 355 v. Mulhall,https://www.supremecourt.gov/opinions/13pdf/12-99_o7jp.pdf,,,PC,571/1
147,7,12/10/13,12-815,"Sprint Communications, Inc. v. Jacobs",https://www.supremecourt.gov/opinions/13pdf/12-815_qol1.pdf,,,G,571/1
148,6,12/03/13,12-929,Atlantic Marine Constr. Co. v. United States Dist. Court for Western Dist. of Tex.,https://www.supremecourt.gov/opinions/13pdf/12-929_olq2.pdf,,,A,571/1
149,5,12/03/13,12-562,United States v. Woods,https://www.supremecourt.gov/opinions/13pdf/12-562_k5fl.pdf,,,AS,571/1
150,4,12/02/13,13-113,Ford Motor Co. v. United States,https://www.supremecourt.gov/opinions/13pdf/13-113_o7jp.pdf,,,PC,571/1
151,3,11/05/13,12-414,Burt v. Titlow,https://www.supremecourt.gov/opinions/13pdf/12-414_5h26.pdf,,,A,571/1
152,2,11/04/13,12-1217,Stanton v. Sims,https://www.supremecourt.gov/opinions/13pdf/12-1217_bpmc.pdf,,,PC,571/1
153,1,10/15/13,12-872,Madigan v. Levin,https://www.supremecourt.gov/opinions/13pdf/12-872_pm02.pdf,,,PC,571/1
154,76,6/29/15,14-7955,Glossip v. Gross,https://www.supremecourt.gov/opinions/14pdf/14-7955_aplc.pdf,,,A,576/2
155,75,6/29/15,13-1314,Arizona State Legislature v. Arizona Independent Redistricting Comm’n,https://www.supremecourt.gov/opinions/14pdf/13-1314_3ea4.pdf,,,G,576/2
156,74,6/29/15,14-46,Michigan v. EPA,https://www.supremecourt.gov/opinions/14pdf/14-46_bqmc.pdf,,,AS,576/2
157,73,6/26/15,14-556,Obergefell v. Hodges,https://www.supremecourt.gov/opinions/14pdf/14-556_3204.pdf,,,K,576/2
158,72,6/26/15,13-7120,Johnson v. United States,https://www.supremecourt.gov/opinions/14pdf/13-7120_p86b.pdf,,,AS,576/2
159,71,6/25/15,13-1371,"Texas Dept. of Housing and Community Affairs v. Inclusive Communities Project, Inc.",https://www.supremecourt.gov/opinions/14pdf/13-1371_8m58.pdf,,,K,576/2
160,70,6/25/15,14-114,King v. Burwell,https://www.supremecourt.gov/opinions/14pdf/14-114_qol1.pdf,,,R,576/2
161,69,6/22/15,13-720,"Kimble v. Marvel Entertainment, LLC",https://www.supremecourt.gov/opinions/14pdf/13-720_jiel.pdf,,,EK,576/1
162,68,6/22/15,13-1175,Los Angeles v. Patel,https://www.supremecourt.gov/opinions/14pdf/13-1175_k537.pdf,,,SS,576/1
163,67,6/22/15,14-6368,Kingsley v. Hendrickson,https://www.supremecourt.gov/opinions/14pdf/14-6368_7lhn.pdf,,,B,576/1
164,66,6/22/15,14-275,Horne v. Department of Agriculture,https://www.supremecourt.gov/opinions/14pdf/14-275_feah.pdf,,,R,576/1
165,65,6/18/15,13-1433,Brumfield v. Cain,https://www.supremecourt.gov/opinions/14pdf/13-1433_bpm1.pdf,,,SS,576/1
166,64,6/18/15,13-1428,Davis v. Ayala,https://www.supremecourt.gov/opinions/14pdf/13-1428_1a7d.pdf,,,A,576/1
167,63,6/18/15,13-1352,Ohio v. Clark,https://www.supremecourt.gov/opinions/14pdf/13-1352_ed9l.pdf,,,A,576/1
168,62,6/18/15,14-144,"Walker v. Texas Div., Sons of Confederate Veterans, Inc.",https://www.supremecourt.gov/opinions/14pdf/14-144_758b.pdf,,,B,576/1
169,61,6/18/15,14-378,McFadden v. United States,https://www.supremecourt.gov/opinions/14pdf/14-378_k537.pdf,,,T,576/1
170,60,6/18/15,13-502,Reed v. Town of Gilbert,https://www.supremecourt.gov/opinions/14pdf/13-502_9olb.pdf,,,T,576/1
171,59,6/15/15,14-185,Reyes Mata v. Lynch,https://www.supremecourt.gov/opinions/14pdf/14-185_i4dk.pdf,,,EK,576/1
172,58,6/15/15,14-103,Baker Botts L.L.P. v. ASARCO LLC,https://www.supremecourt.gov/opinions/14pdf/14-103_bpdg.pdf,,,T,576/1
173,57,6/15/15,13-1402,Kerry v. Din,https://www.supremecourt.gov/opinions/14pdf/13-1402_e29g.pdf,,,AS,576/1
174,56,6/08/15,13-628,Zivotofsky v. Kerry,https://www.supremecourt.gov/opinions/14pdf/13-628_3dq3.pdf,,,K,576/1
175,55,6/01/15,14-939,Taylor v. Barkes,https://www.supremecourt.gov/opinions/14pdf/14-939_cpdh.pdf,,,PC,575/2
176,54,6/01/15,13-1034,Mellouli v. Lynch,https://www.supremecourt.gov/opinions/14pdf/13-1034_3dq4.pdf,,,G,575/2
177,53,6/01/15,13-1421,"Bank of America, N. A. v. Caulkett",https://www.supremecourt.gov/opinions/14pdf/13-1421_p8k0.pdf,,,T,575/2
178,52,6/01/15,14-86,"EEOC v. Abercrombie & Fitch Stores, Inc.",https://www.supremecourt.gov/opinions/14pdf/14-86_p86b.pdf,,,AS,575/2
179,51,6/01/15,13-983,Elonis v. United States,https://www.supremecourt.gov/opinions/14pdf/13-983_7l48.pdf,,,R,575/2
180,50,5/26/15,13-935,"Wellness Int’l Network, Ltd. v. Sharif",https://www.supremecourt.gov/opinions/14pdf/13-935_i4dj.pdf,,,SS,575/2
181,49,5/26/15,12-1497,"Kellogg Brown & Root Services, Inc. v. United States ex rel. Carter",https://www.supremecourt.gov/opinions/14pdf/12-1497_2d8f.pdf,,,A,575/2
182,48,5/26/15,13-896,"Commil USA, LLC v. Cisco Systems, Inc.",https://www.supremecourt.gov/opinions/14pdf/13-896_l53m.pdf,,,K,575/2
183,47,5/18/15,13-1487,Henderson v. United States,https://www.supremecourt.gov/opinions/14pdf/13-1487_l6gn.pdf,,,EK,575/2
184,46,5/18/15,13-1412,City and County of San Francisco v. Sheehan,https://www.supremecourt.gov/opinions/14pdf/13-1412_0pl1.pdf,,,A,575/2
185,45,5/18/15,13-485,Comptroller of Treasury of Md. v. Wynne,https://www.supremecourt.gov/opinions/14pdf/13-485_o7jp.pdf,,,A,575/2
186,44,5/18/15,13-1333,Coleman v. Tollefson,https://www.supremecourt.gov/opinions/14pdf/13-1333_g31h.pdf,,,B,575/2
187,43,5/18/15,13-550,Tibble v. Edison Int’l,https://www.supremecourt.gov/opinions/14pdf/13-550_97be.pdf,,,B,575/2
188,42,5/18/15,14-400,Harris v. Viegelahn,https://www.supremecourt.gov/opinions/14pdf/14-400_f2ah.pdf,,,G,575/2
189,41,5/04/15,14-116,Bullard v. Blue Hills Bank,https://www.supremecourt.gov/opinions/14pdf/14-116_9o6b.pdf,,,R,575/2
190,40,4/29/15,13-1019,"Mach Mining, LLC v. EEOC",https://www.supremecourt.gov/opinions/14pdf/13-1019_c1o2.pdf,,,EK,575/1
191,39,4/29/15,13-1499,Williams-Yulee v. Florida Bar,https://www.supremecourt.gov/opinions/14pdf/13-1499_d18e.pdf,,,R,575/1
192,38,4/22/15,13-1074,United States v. Kwai Fun Wong,https://www.supremecourt.gov/opinions/14pdf/13-1074_9olb.pdf,,,EK,575/1
193,37,4/21/15,13-271,"Oneok, Inc. v. Learjet, Inc.",https://www.supremecourt.gov/opinions/14pdf/13-271_j4ek.pdf,,,B,575/1
194,36,4/21/15,13-9972,Rodriguez v. United States,https://www.supremecourt.gov/opinions/14pdf/13-9972_p8k0.pdf,,,G,575/1
195,35,3/31/15,14-15,"Armstrong v. Exceptional Child Center, Inc.",https://www.supremecourt.gov/opinions/14pdf/14-15_d1oe.pdf,,,AS,575/1
196,34,3/30/15,14-618,Woods v. Donald,https://www.supremecourt.gov/opinions/14pdf/14-618_4357.pdf,,,PC,575/1
197,33,3/30/15,14-593,Grady v. North Carolina,https://www.supremecourt.gov/opinions/14pdf/14-593_o7jq.pdf,,,PC,575/1
198,32,3/25/15,13-895,Alabama Legislative Black Caucus v. Alabama,https://www.supremecourt.gov/opinions/14pdf/13-895_o7jq.pdf,,,B,575/1
199,31,3/25/15,12-1226,"Young v. United Parcel Service, Inc.",https://www.supremecourt.gov/opinions/14pdf/12-1226_k5fl.pdf,,,B,575/1
200,30,3/24/15,13-435,"Omnicare, Inc. v. Laborers Dist. Council Constr. Industry Pension Fund",https://www.supremecourt.gov/opinions/14pdf/13-435_8o6b.pdf,,,EK,575/1
201,29,3/24/15,13-352,"B&B; Hardware, Inc. v. Hargis Industries, Inc.",https://www.supremecourt.gov/opinions/14pdf/13-352_3204.pdf,,,A,575/1
202,28,3/09/15,"126, Orig.",Kansas v. Nebraska,https://www.supremecourt.gov/opinions/14pdf/126orig_4256.pdf,,,D,575/1
203,27,3/09/15,13-1041,Perez v. Mortgage Bankers Assn.,https://www.supremecourt.gov/opinions/14pdf/13-1041_0861.pdf,,,SS,575/1
204,26,3/09/15,13-1080,Department of Transportation v. Association of American Railroads,https://www.supremecourt.gov/opinions/14pdf/13-1080_f29g.pdf,,,K,575/1
205,25,3/04/15,13-553,"Alabama Dept. of Revenue v. CSX Transp., Inc.",https://www.supremecourt.gov/opinions/14pdf/13-553_1b82.pdf,,,AS,575/1
206,24,3/03/15,13-1032,Direct Marketing Assn. v. Brohl,https://www.supremecourt.gov/opinions/14pdf/13-1032_8759.pdf,,,T,575/1
207,23,2/25/15,13-7451,Yates v. United States,https://www.supremecourt.gov/opinions/14pdf/13-7451_m64o.pdf,,,G,574/2
208,22,2/25/15,13-534,North Carolina Bd. of Dental Examiners v. FTC,https://www.supremecourt.gov/opinions/14pdf/13-534_19m2.pdf,,,K,574/2
209,21,2/24/15,"126, Orig.",Kansas v. Nebraska,https://www.supremecourt.gov/opinions/14pdf/126orig_olq2.pdf,,,EK,574/2
210,20,1/26/15,13-1010,"M&G; Polymers USA, LLC v. Tackett",https://www.supremecourt.gov/opinions/14pdf/13-1010_7k47.pdf,,,T,574/2
211,19,1/21/15,13-1211,"Hana Financial, Inc. v. Hana Bank",https://www.supremecourt.gov/opinions/14pdf/13-1211_1bn2.pdf,,,SS,574/2
212,18,1/21/15,13-1174,Gelboim v. Bank of America Corp.,https://www.supremecourt.gov/opinions/14pdf/13-1174_5468.pdf,,,G,574/2
213,17,1/21/15,13-894,Department of Homeland Security v. MacLean,https://www.supremecourt.gov/opinions/14pdf/13-894_e2qg.pdf,,,R,574/2
214,16,1/20/15,14-6873,Christeson v. Roper,https://www.supremecourt.gov/opinions/14pdf/14-6873_21p3.pdf,,,PC,574/2
215,15,1/20/15,13-6827,Holt v. Hobbs,https://www.supremecourt.gov/opinions/14pdf/13-6827_5h26.pdf,,,A,574/2
216,14,1/20/15,13-854,"Teva Pharmaceuticals USA, Inc. v. Sandoz, Inc.",https://www.supremecourt.gov/opinions/14pdf/13-854_o7jp.pdf,,,B,574/2
217,13,1/14/15,13-975,"T-Mobile South, LLC v. City of Roswell",https://www.supremecourt.gov/opinions/14pdf/13-975_8n6a.pdf,,,SS,574/2
218,12,1/14/15,13-7211,Jennings v. Stephens,https://www.supremecourt.gov/opinions/14pdf/13-7211_8o6a.pdf,,,AS,574/2
219,11,1/13/15,13-9026,Whitfield v. United States,https://www.supremecourt.gov/opinions/14pdf/13-9026_11o2.pdf,,,AS,574/2
220,10,1/13/15,13-684,"Jesinoski v. Countrywide Home Loans, Inc.",https://www.supremecourt.gov/opinions/14pdf/13-684_ba7d.pdf,,,AS,574/2
221,9,12/15/14,"5, Orig.",United States v. California,https://www.supremecourt.gov/opinions/14pdf/no5orig_d18e.pdf,,,D,574/1
222,8,12/15/14,13-719,Dart Cherokee Basin Operating Co. v. Owens,https://www.supremecourt.gov/opinions/14pdf/13-719_8mjp.pdf,,,G,574/1
223,7,12/15/14,13-604,Heien v. North Carolina,https://www.supremecourt.gov/opinions/14pdf/13-604_ec8f.pdf,,,R,574/1
224,6,12/09/14,13-517,Warger v. Shauers,https://www.supremecourt.gov/opinions/14pdf/13-517_7l48.pdf,,,SS,574/1
225,5,12/09/14,13-433,"Integrity Staffing Solutions, Inc. v. Busk ",https://www.supremecourt.gov/opinions/14pdf/13-433_5h26.pdf,,,T,574/1
226,4,11/17/14,14-95,Glebe v. Frost,https://www.supremecourt.gov/opinions/14pdf/14-95_3204.pdf,,,PC,574/1
227,3,11/10/14,14-212,Carroll v. Carman,https://www.supremecourt.gov/opinions/14pdf/14-212_c07d.pdf,,,PC,574/1
228,2,11/10/14,13-1318,Johnson v. City of Shelby,https://www.supremecourt.gov/opinions/14pdf/13-1318_3f14.pdf,,,PC,574/1
229,1,10/06/14,13-946,Lopez v. Smith,https://www.supremecourt.gov/opinions/14pdf/13-946_adbc.pdf,,,PC,574/1
230,81,6/27/16,14-10154,Voisine v. United States,https://www.supremecourt.gov/opinions/15pdf/14-10154_19m1.pdf, ,,EK,579/2
231,80,6/27/16,15-274,Whole Woman’s Health v. Hellerstedt,https://www.supremecourt.gov/opinions/15pdf/15-274_new_e18f.pdf,6/27/16,https://www.supremecourt.gov/opinions/15pdf/15-274diff_97bf.pdf,B,579/2
232,79,6/27/16,15-474,McDonnell v. United States,https://www.supremecourt.gov/opinions/15pdf/15-474_ljgm.pdf, ,,R,579/2
233,78,6/23/16,15-674,United States v. Texas,https://www.supremecourt.gov/opinions/15pdf/15-674_jhlo.pdf, ,,PC,579/2
234,77,6/23/16,13-1496,Dollar General Corp. v. Mississippi Band of Choctaw Indians,https://www.supremecourt.gov/opinions/15pdf/13-1496_7648.pdf, ,,PC,579/2
235,76,6/23/16,15-6092,Mathis v. United States,https://www.supremecourt.gov/opinions/15pdf/15-6092_1an2.pdf, ,,EK,579/2
236,75,6/23/16,14-1468,Birchfield v. North Dakota,https://www.supremecourt.gov/opinions/15pdf/14-1468_8n59.pdf, ,,A,579/2
237,74,6/23/16,14-981,Fisher v. University of Tex. at Austin,https://www.supremecourt.gov/opinions/15pdf/14-981_4g15.pdf, ,,K,579/2
238,73,6/20/16,15-138,"RJR Nabisco, Inc. v. European Community",https://www.supremecourt.gov/opinions/15pdf/15-138_5866.pdf, ,,A,579/1
239,72,6/20/16,14-6166,Taylor v. United States,https://www.supremecourt.gov/opinions/15pdf/14-6166_o7jp.pdf, ,,A,579/1
240,71,6/20/16,15-446,"Cuozzo Speed Technologies, LLC v. Lee",https://www.supremecourt.gov/opinions/15pdf/15-446_ihdk.pdf, ,,B,579/1
241,70,6/20/16,14-1373,Utah v. Strieff,https://www.supremecourt.gov/opinions/15pdf/14-1373_83i7.pdf, ,,T,579/1
242,69,6/20/16,15-415,"Encino Motorcars, LLC v. Navarro",https://www.supremecourt.gov/opinions/15pdf/15-415_mlho.pdf, ,,K,579/1
243,68,6/16/16,15-375,"Kirtsaeng v. John Wiley & Sons, Inc.",https://www.supremecourt.gov/opinions/15pdf/15-375_4f57.pdf, ,,EK,579/1
244,67,6/16/16,15-7,"Universal Health Services, Inc. v. United States ex rel. Escobar",https://www.supremecourt.gov/opinions/15pdf/15-7_a074.pdf, ,,T,579/1
245,66,6/16/16,14-916,"Kingdomware Technologies, Inc. v. United States",https://www.supremecourt.gov/opinions/15pdf/14-916_6j37.pdf, ,,T,579/1
246,65,6/13/16,15-420,United States v. Bryant,https://www.supremecourt.gov/opinions/15pdf/15-420_new_8mm1.pdf,7/07/16,https://www.supremecourt.gov/opinions/15pdf/15-420diff_0n13.pdf,G,579/1
247,64,6/13/16,15-233,Puerto Rico v. Franklin Cal. Tax-Free Trust,https://www.supremecourt.gov/opinions/15pdf/15-233_i42j.pdf, ,,T,579/1
248,63,6/13/16,14-1513,"Halo Electronics, Inc. v. Pulse Electronics, Inc.",https://www.supremecourt.gov/opinions/15pdf/14-1513_db8e.pdf, ,,R,579/1
249,62,6/09/16,15-108,Puerto Rico v. Sanchez Valle,https://www.supremecourt.gov/opinions/15pdf/15-108_k4mp.pdf, ,,EK,579/1
250,61,6/09/16,15-458,Dietz v. Bouldin,https://www.supremecourt.gov/opinions/15pdf/15-458_b07d.pdf, ,,SS,579/1
251,60,6/09/16,15-5040,Williams v. Pennsylvania,https://www.supremecourt.gov/opinions/15pdf/15-5040_6537.pdf, ,,K,579/1
252,59,6/06/16,15-339,Ross v. Blake,https://www.supremecourt.gov/opinions/15pdf/15-339_1b7d.pdf, ,,EK,578/2
253,58,6/06/16,15-109,Simmons v. Himmelreich,https://www.supremecourt.gov/opinions/15pdf/15-109_p860.pdf, ,,SS,578/2
254,57,5/31/16,15-8366,Lynch v. Arizona,https://www.supremecourt.gov/opinions/15pdf/15-8366_e18f.pdf, ,,PC,578/2
255,56,5/31/16,15-789,Johnson v. Lee,https://www.supremecourt.gov/opinions/15pdf/15-789_08m1.pdf, ,,PC,578/2
256,55,5/31/16,15-290,Army Corps of Engineers v. Hawkes Co.,https://www.supremecourt.gov/opinions/15pdf/15-290_6k37.pdf, ,,R,578/2
257,54,5/23/16,14-613,Green v. Brennan,https://www.supremecourt.gov/opinions/15pdf/14-613_l5gm.pdf, ,,SS,578/2
258,53,5/23/16,14-1504,Wittman v. Personhuballah,https://www.supremecourt.gov/opinions/15pdf/14-1504_6khn.pdf, ,,B,578/2
259,52,5/23/16,14-8349,Foster v. Chatman,https://www.supremecourt.gov/opinions/15pdf/14-8349_6k47.pdf, ,,R,578/2
260,51,5/19/16,14-1096,Luna Torres v. Lynch,https://www.supremecourt.gov/opinions/15pdf/14-1096_5hdk.pdf, ,,EK,578/2
261,50,5/19/16,14-1457,Betterman v. Montana,https://www.supremecourt.gov/opinions/15pdf/14-1457_21o2.pdf, ,,G,578/2
262,49,5/19/16,14-1375,"CRST Van Expedited, Inc. v. EEOC ",https://www.supremecourt.gov/opinions/15pdf/14-1375_09m1.pdf, ,,K,578/2
263,48,5/16/16,15-833,Kernan v. Hinojosa,https://www.supremecourt.gov/opinions/15pdf/15-833_2dq6.pdf, ,,PC,578/2
264,47,5/16/16,14-1418,Zubik v. Burwell,https://www.supremecourt.gov/opinions/15pdf/14-1418_8758.pdf, ,,PC,578/2
265,46,5/16/16,14-1132,"Merrill Lynch, Pierce, Fenner & Smith Inc. v. Manning",https://www.supremecourt.gov/opinions/15pdf/14-1132_4g15.pdf, ,,EK,578/2
266,45,5/16/16,15-145,"Husky Int’l Electronics, Inc. v. Ritz",https://www.supremecourt.gov/opinions/15pdf/15-145_nkp1.pdf, ,,SS,578/2
267,44,5/16/16,13-1339,"Spokeo, Inc. v. Robins",https://www.supremecourt.gov/opinions/15pdf/13-1339-new_4428.pdf,5/24/16,https://www.supremecourt.gov/opinions/15pdf/13-1339dif_3m92.pdf,A,578/2
268,43,5/16/16,15-338,Sheriff v. Gillie,https://www.supremecourt.gov/opinions/15pdf/15-338_lkgn.pdf, ,,G,578/2
269,42,5/02/16,14-361,Ocasio v. United States,https://www.supremecourt.gov/opinions/15pdf/14-361_db8e.pdf, ,,A,578/1
270,41,4/26/16,14-1280,Heffernan v. City of Paterson,https://www.supremecourt.gov/opinions/15pdf/14-1280_k5fl.pdf, ,,B,578/1
271,40,4/20/16,14-232,Harris v. Arizona Independent Redistricting Comm’n,https://www.supremecourt.gov/opinions/15pdf/14-232_ihdj.pdf, ,,B,578/1
272,39,4/20/16,14-770,Bank Markazi v. Peterson,https://www.supremecourt.gov/opinions/15pdf/14-770_9o6b.pdf, ,,G,578/1
273,38,4/20/16,14-8913,Molina-Martinez v. United States,https://www.supremecourt.gov/opinions/15pdf/14-8913_5h25.pdf, ,,K,578/1
274,37,4/19/16,14-1175,Franchise Tax Bd. of Cal. v. Hyatt,https://www.supremecourt.gov/opinions/15pdf/14-1175_c07d.pdf, ,,B,578/1
275,36,4/19/16,14-614,"Hughes v. Talen Energy Marketing, LLC",https://www.supremecourt.gov/opinions/15pdf/14-614_k5fm.pdf, ,,G,578/1
276,35,4/18/16,15-6418,Welch v. United States,https://www.supremecourt.gov/opinions/15pdf/15-6418_2q24.pdf, ,,K,578/1
277,34,4/04/16,15-723,Woods v. Etherton,https://www.supremecourt.gov/opinions/15pdf/15-723_h3dj.pdf, ,,PC,578/1
278,33,4/04/16,15-5238,Nichols v. United States,https://www.supremecourt.gov/opinions/15pdf/15-5238_khlo.pdf, ,,A,578/1
279,32,4/04/16,14-940,Evenwel v. Abbott,https://www.supremecourt.gov/opinions/15pdf/14-940_ed9g.pdf, ,,G,578/1
280,31,3/30/16,14-419,Luis v. United States,https://www.supremecourt.gov/opinions/15pdf/14-419_nmip.pdf, ,,B,578/1
281,30,3/29/16,14-915,Friedrichs v. California Teachers Assn.,https://www.supremecourt.gov/opinions/15pdf/14-915_1bn2.pdf, ,,PC,578/1
282,29,3/22/16,14-520,Hawkins v. Community Bank,https://www.supremecourt.gov/opinions/15pdf/14-520_d18f.pdf, ,,PC,577/2
283,28,3/22/16,14-1406,Nebraska v. Parker,https://www.supremecourt.gov/opinions/15pdf/14-1406_6536.pdf, ,,T,577/2
284,27,3/22/16,14-1146,"Tyson Foods, Inc. v. Bouaphakeo",https://www.supremecourt.gov/opinions/15pdf/14-1146_0pm1.pdf, ,,K,577/2
285,26,3/22/16,14-1209,Sturgeon v. Frost,https://www.supremecourt.gov/opinions/15pdf/14-1209_kifl.pdf, ,,R,577/2
286,25,3/21/16,"137, Orig",Montana v. Wyoming,https://www.supremecourt.gov/opinions/15pdf/137orig_ap6b.pdf, ,,D,577/2
287,24,3/21/16,14-10078,Caetano v. Massachusetts,https://www.supremecourt.gov/opinions/15pdf/14-10078_aplc.pdf, ,,PC,577/2
288,23,3/07/16,15-648,V.L. v. E.L.,https://www.supremecourt.gov/opinions/15pdf/15-648_d18e.pdf, ,,PC,577/2
289,22,3/07/16,14-10008,Wearry v. Cain,https://www.supremecourt.gov/opinions/15pdf/14-10008_k537.pdf, ,,PC,577/2
290,21,3/07/16,14-1382,"Americold Realty Trust v. ConAgra Foods, Inc.",https://www.supremecourt.gov/opinions/15pdf/14-1382_d18f.pdf, ,,SS,577/2
291,20,3/01/16,14-8358,Lockhart v. United States,https://www.supremecourt.gov/opinions/15pdf/14-8358_o7jp.pdf, ,,SS,577/2
292,19,3/01/16,14-181,Gobeille v. Liberty Mut. Ins. Co.,https://www.supremecourt.gov/opinions/15pdf/14-181_5426.pdf, ,,K,577/2
293,18,1/25/16,15-278,Amgen Inc. v. Harris,https://www.supremecourt.gov/opinions/15pdf/15-278_2co3.pdf, ,,PC,577/2
294,17,1/25/16,15-493,James v. Boise,https://www.supremecourt.gov/opinions/15pdf/15-493_5h26.pdf, ,,PC,577/2
295,16,1/25/16,14-840,FERC v. Electric Power Supply Assn.,https://www.supremecourt.gov/opinions/15pdf/14-840- new_o75q.pdf,1/28/16,https://www.supremecourt.gov/opinions/15pdf/14-840_diff_pok0.pdf,EK,577/2
296,15,1/25/16,14-510,Menominee Tribe of Wis. v. United States,https://www.supremecourt.gov/opinions/15pdf/14-510_pm02.pdf, ,,A,577/2
297,14,1/25/16,14-1095,Musacchio v. United States,https://www.supremecourt.gov/opinions/15pdf/14-1095_2d8f.pdf, ,,T,577/2
298,13,1/25/16,14-280,Montgomery v. Louisiana,https://www.supremecourt.gov/opinions/15pdf/14-280_3204.pdf,1/27/16,https://www.supremecourt.gov/opinions/15pdf/14-280_diff_ifkn.pdf,K,577/2
299,12,1/20/16,14-1516,Duncan v. Owens,https://www.supremecourt.gov/opinions/15pdf/14-1516_2co3.pdf, ,,PC,577/1
300,11,1/20/16,14-857,Campbell-Ewald v. Gomez,https://www.supremecourt.gov/opinions/15pdf/14-857 - new_gfbi.pdf,2/09/16,https://www.supremecourt.gov/opinions/15pdf/14-857diff_2924.pdf,G,577/1
301,10,1/20/16,14-723,Montanile v. Board of Trustees of Nat. Elevator Industry Health Benefit Plan,https://www.supremecourt.gov/opinions/15pdf/14-723_1bn2.pdf, ,,T,577/1
302,9,1/20/16,14-449,Kansas v. Carr,https://www.supremecourt.gov/opinions/15pdf/14-449_9o7d.pdf, ,,AS,577/1
303,8,1/12/16,14-7505,Hurst v. Florida,https://www.supremecourt.gov/opinions/15pdf/14-7505_5ie6.pdf, ,,SS,577/1
304,7,1/12/16,14-844,Bruce v. Samuels,https://www.supremecourt.gov/opinions/15pdf/14-844_21ok.pdf, ,,G,577/1
305,6,12/14/15,14-1372,White v. Wheeler,https://www.supremecourt.gov/opinions/15pdf/14-1372_1p23.pdf, ,,PC,577/1
306,5,12/14/15,14-462,"DIRECTV, Inc. v. Imburgia",https://www.supremecourt.gov/opinions/15pdf/14-462_2co3.pdf, ,,B,577/1
307,4,12/08/15,14-990,Shapiro v. McManus,https://www.supremecourt.gov/opinions/15pdf/14-990_10n2.pdf, ,,AS,577/1
308,3,12/01/15,13-1067,OBB Personenverkehr AG v. Sachs,https://www.supremecourt.gov/opinions/15pdf/13-1067_onkq.pdf, ,,R,577/1
309,2,11/09/15,14-1143,Mullenix v. Luna,https://www.supremecourt.gov/opinions/15pdf/14-1143_f20h.pdf, ,,PC,577/1
310,1,10/05/15,14-848,Maryland v. Kulbicki,https://www.supremecourt.gov/opinions/15pdf/14-848_pok0.pdf, ,,PC,577/1
311,70,6/26/17,16-1436,Trump. v. International Refugee Assistance Project,https://www.supremecourt.gov/opinions/16pdf/16-1436_l6hc.pdf, ,,PC,582/2
312,69,6/26/17,16-992,Pavan v. Smith,https://www.supremecourt.gov/opinions/16pdf/16-992_868c.pdf, ,,PC,582/2
313,68,6/26/17,15-118,Hernandez v. Mesa,https://www.supremecourt.gov/opinions/16pdf/15-118_97bf.pdf, ,,PC,582/2
314,67,6/26/17,16-6219,Davila v. Davis,https://www.supremecourt.gov/opinions/16pdf/16-6219_i425.pdf, ,,T,582/2
315,66,6/26/17,16-373,"California Public Employees’ Retirement System v. ANZ Securities, Inc.",https://www.supremecourt.gov/opinions/16pdf/16-373_pm02.pdf, ,,K,582/2
316,65,6/26/17,15-577,"Trinity Lutheran Church of Columbia, Inc. v. Comer",https://www.supremecourt.gov/opinions/16pdf/15-577_khlp.pdf, ,,R,582/2
317,64,6/23/17,16-399,Perry v. Merit Systems Protection Bd.,https://www.supremecourt.gov/opinions/16pdf/16-399_5436.pdf, ,,G,582/2
318,63,6/23/17,15-214,Murr v. Wisconsin,https://www.supremecourt.gov/opinions/16pdf/15-214_f1gj.pdf, ,,K,582/2
319,62,6/23/17,16-327,Jae Lee v. United States,https://www.supremecourt.gov/opinions/16pdf/16-327_3eb4.pdf, ,,R,582/2
320,61,6/22/17,16-309,Maslenjak v. United States,https://www.supremecourt.gov/opinions/16pdf/16-309_h31i.pdf, ,,EK,582/2
321,60,6/22/17,15-1503,Turner v. United States,https://www.supremecourt.gov/opinions/16pdf/15-1503_4357.pdf, ,,B,582/2
322,59,6/22/17,16-240,Weaver v. Massachusetts,https://www.supremecourt.gov/opinions/16pdf/16-240_g3bi.pdf, ,,K,582/2
323,58,6/19/17,16-1116,Jenkins v. Hutton,https://www.supremecourt.gov/opinions/16pdf/16-1116_i4dk.pdf, ,,PC,582/1
324,57,6/19/17,16-466,"Bristol-Myers Squibb Co. v. Superior Court of Cal., San Francisco Cty.",https://www.supremecourt.gov/opinions/16pdf/16-466_1qm1.pdf, ,,A,582/1
325,56,6/19/17,15-1293,Matal v. Tam,https://www.supremecourt.gov/opinions/16pdf/15-1293_1o13.pdf, ,,A,582/1
326,55,6/19/17,16-5294,McWilliams v. Dunn,https://www.supremecourt.gov/opinions/16pdf/16-5294_h3dj.pdf, ,,B,582/1
327,54,6/19/17,15-1358,Ziglar v. Abbasi,https://www.supremecourt.gov/opinions/16pdf/15-1358_6khn.pdf, ,,K,582/1
328,53,6/19/17,15-1194,Packingham v. North Carolina,https://www.supremecourt.gov/opinions/16pdf/15-1194_08l1.pdf, ,,K,582/1
329,52,6/12/17,16-1177,Virginia v. LeBlanc,https://www.supremecourt.gov/opinions/16pdf/16-1177_m648.pdf, ,,PC,582/1
330,51,6/12/17,16-349,Henson v. Santander Consumer USA Inc.,https://www.supremecourt.gov/opinions/16pdf/16-349_c07d.pdf, ,,NG,582/1
331,50,6/12/17,15-1191,Sessions v. Morales-Santana,https://www.supremecourt.gov/opinions/16pdf/15-1191_2a34.pdf, ,,G,582/1
332,49,6/12/17,15-457,Microsoft Corp. v. Baker,https://www.supremecourt.gov/opinions/16pdf/15-457_6j37.pdf, ,,G,582/1
333,48,6/12/17,15-1039,Sandoz Inc. v. Amgen Inc.,https://www.supremecourt.gov/opinions/16pdf/15-1039_1b8e.pdf, ,,T,582/1
334,47,6/05/17,16-1023,North Carolina v. Covington,https://www.supremecourt.gov/opinions/16pdf/16-1023_m64o.pdf, ,,PC,581/2
335,46,6/05/17,16-74,Advocate Health Care Network v. Stapleton,https://www.supremecourt.gov/opinions/16pdf/16-74_5i36.pdf, ,,EK,581/2
336,45,6/05/17,16-529,Kokesh v. SEC,https://www.supremecourt.gov/opinions/16pdf/16-529_i426.pdf, ,,SS,581/2
337,44,6/05/17,16-142,Honeycutt v. United States,https://www.supremecourt.gov/opinions/16pdf/16-142_7l48.pdf, ,,SS,581/2
338,43,6/05/17,16-605,"Town of Chester v. Laroe Estates, Inc. ",https://www.supremecourt.gov/opinions/16pdf/16-605_kjfl.pdf, ,,A,581/2
339,42,5/30/17,16-369,County of Los Angeles v. Mendez,https://www.supremecourt.gov/opinions/16pdf/16-369_09m1.pdf, ,,A,581/2
340,41,5/30/17,16-405,BNSF R. Co. v. Tyrrell,https://www.supremecourt.gov/opinions/16pdf/16-405_4gdj.pdf, ,,G,581/2
341,40,5/30/17,16-54,Esquivel-Quintana v. Sessions,https://www.supremecourt.gov/opinions/16pdf/16-54_5i26.pdf, ,,T,581/2
342,39,5/30/17,15-1189,"Impression Products, Inc. v. Lexmark Int’l, Inc.",https://www.supremecourt.gov/opinions/16pdf/15-1189_ebfj.pdf, ,,R,581/2
343,38,5/22/17,15-1262,Cooper v. Harris,https://www.supremecourt.gov/opinions/16pdf/15-1262_db8e.pdf, ,,EK,581/1
344,37,5/22/17,16-254,"Water Splash, Inc. v. Menon",https://www.supremecourt.gov/opinions/16pdf/16-254_5iel.pdf, ,,A,581/1
345,36,5/22/17,16-341,TC Heartland LLC v. Kraft Foods Group Brands LLC,https://www.supremecourt.gov/opinions/16pdf/16-341_8n59.pdf, ,,T,581/1
346,35,5/15/17,16-32,"Kindred Nursing Centers, L. P. v. Clark",https://www.supremecourt.gov/opinions/16pdf/16-32_o7jp.pdf, ,,EK,581/1
347,34,5/15/17,16-348,"Midland Funding, LLC v. Johnson",https://www.supremecourt.gov/opinions/16pdf/16-348_h315.pdf, ,,B,581/1
348,33,5/15/17,15-1031,Howell v. Howell,https://www.supremecourt.gov/opinions/16pdf/15-1031_hejm.pdf, ,,B,581/1
349,32,5/01/17,15-1111,Bank of America Corp. v. Miami,https://www.supremecourt.gov/opinions/16pdf/15-1111_5i36.pdf, ,,B,581/1
350,31,5/01/17,15-423,Bolivarian Republic of Venezuela v. Helmerich & Payne Int’l Drilling Co.,https://www.supremecourt.gov/opinions/16pdf/15-423_4357.pdf, ,,B,581/1
351,30,4/25/17,15-1500,Lewis v. Clarke,https://www.supremecourt.gov/opinions/16pdf/15-1500_h3cj.pdf, ,,SS,581/1
352,29,4/19/17,15-1256,Nelson v. Colorado,https://www.supremecourt.gov/opinions/16pdf/15-1256_5i36.pdf, ,,G,581/1
353,28,4/19/17,15-7250,Manrique v. United States,https://www.supremecourt.gov/opinions/16pdf/15-7250_3eb4.pdf, ,,T,581/1
354,27,4/18/17,15-1406,Goodyear Tire & Rubber Co. v. Haeger,https://www.supremecourt.gov/opinions/16pdf/15-1406_db8e.pdf, ,,EK,581/1
355,26,4/18/17,16-149,"Coventry Health Care of Mo., Inc. v. Nevils",https://www.supremecourt.gov/opinions/16pdf/16-149_6jfm.pdf, ,,G,581/1
356,25,4/03/17,15-1248,McLane Co. v. EEOC,https://www.supremecourt.gov/opinions/16pdf/15-1248_new_o7jp.pdf,4/03/17,https://www.supremecourt.gov/opinions/16pdf/15-1248diff_pm02.pdf,SS,581/1
357,24,4/03/17,15-9260,Dean v. United States,https://www.supremecourt.gov/opinions/16pdf/15-9260_8nj9.pdf, ,,R,581/1
358,23,3/29/17,15-1391,Expressions Hair Design v. Schneiderman,https://www.supremecourt.gov/opinions/16pdf/15-1391_g31i.pdf, ,,R,581/1
359,22,3/28/17,15-797,Moore v. Texas,https://www.supremecourt.gov/opinions/16pdf/15-797_n7io.pdf, ,,G,581/1
360,21,3/22/17,15-649,Czyzewski v. Jevic Holding Corp.  ,https://www.supremecourt.gov/opinions/16pdf/15-649_k53m.pdf, ,,B,580/2
361,20,3/22/17,15-866,"Star Athletica, L. L. C. v. Varsity Brands, Inc.",https://www.supremecourt.gov/opinions/16pdf/15-866_0971.pdf, ,,T,580/2
362,19,3/22/17,15-827,Endrew F. v. Douglas County School Dist. RE–1,https://www.supremecourt.gov/opinions/16pdf/15-827_0pm1.pdf, ,,R,580/2
363,18,3/21/17,14-9496,Manuel v. Joliet,https://www.supremecourt.gov/opinions/16pdf/14-9496_8njq.pdf, ,,EK,580/2
364,17,3/21/17,15-927,"SCA Hygiene Products Aktiebolag v. First Quality Baby Products, LLC",https://www.supremecourt.gov/opinions/16pdf/15-927_6j37.pdf, ,,A,580/2
365,16,3/21/17,15-1251,"NLRB v. SW General, Inc",https://www.supremecourt.gov/opinions/16pdf/15-1251_ed9g.pdf, ,,R,580/2
366,15,3/06/17,16-6316,Rippo v. Baker,https://www.supremecourt.gov/opinions/16pdf/16-6316_32h6.pdf, ,,PC,580/2
367,14,3/06/17,15-8544,Beckles v. United States,https://www.supremecourt.gov/opinions/16pdf/15-8544_2co3.pdf, ,,T,580/2
368,13,3/06/17,15-606,Pena-Rodriguez v. Colorado,https://www.supremecourt.gov/opinions/16pdf/15-606_886b.pdf, ,,K,580/2
369,12,3/01/17,15-680,Bethune-Hill v. Virginia State Bd. of Elections,https://www.supremecourt.gov/opinions/16pdf/15-680_c07d.pdf, ,,K,580/2
370,11,2/22/17,15-497,Fry v. Napoleon Community Schools,https://www.supremecourt.gov/opinions/16pdf/15-497_p8k0.pdf, ,,EK,580/1
371,10,2/22/17,14-1538,Life Technologies Corp. v. Promega Corp.,https://www.supremecourt.gov/opinions/16pdf/14-1538_p8k0.pdf, ,,SS,580/1
372,9,2/22/17,15-8049,Buck v. Davis,https://www.supremecourt.gov/opinions/16pdf/15-8049_f2ah.pdf, ,,R,580/1
373,8,1/18/17,14-1055,Lightfoot v. Cendant Mortgage Corp,https://www.supremecourt.gov/opinions/16pdf/14-1055_6j36.pdf, ,,SS,580/1
374,7,1/09/17,16-67,White v. Pauly,https://www.supremecourt.gov/opinions/16pdf/16-67_2c8f.pdf, ,,PC,580/1
375,6,12/12/16,15-5991,Shaw v. United States,https://www.supremecourt.gov/opinions/16pdf/15-5991_8m59.pdf, ,,B,580/1
376,5,12/06/16,15-777,Samsung Electronics Co. v. Apple Inc.,https://www.supremecourt.gov/opinions/16pdf/15-777_7lho.pdf, ,,SS,580/1
377,4,12/06/16,15-628,Salman v. United States,https://www.supremecourt.gov/opinions/16pdf/15-628_m6ho.pdf, ,,A,580/1
378,3,12/06/16,15-513,State Farm Fire & Casualty Co. v. United States ex rel. Rigsby,https://www.supremecourt.gov/opinions/16pdf/15-513_43j7.pdf, ,,K,580/1
379,2,11/29/16,15-537,Bravo-Fernandez v. United States,https://www.supremecourt.gov/opinions/16pdf/15-537_ap6b.pdf, ,,G,580/1
380,1,10/11/16,15-9173,Bosse v. Oklahoma,https://www.supremecourt.gov/opinions/16pdf/15-9173_q86b.pdf, ,,PC,580/1
381,76,6/28/18,17-1364,North Carolina v. Covington,https://www.supremecourt.gov/opinions/17pdf/17-1364_h3dj.pdf, ,,PC,585/2
382,75,6/28/18,17-1106,Sexton v. Beaudreaux,https://www.supremecourt.gov/opinions/17pdf/17-1106_ipdi.pdf, ,,PC,585/2
383,74,6/28/18,17-742,Sause v. Bauer,https://www.supremecourt.gov/opinions/17pdf/17-742_c185.pdf, ,,PC,585/2
384,73,6/27/18,16-1466,"Janus v. State, County, and Municipal Employees",https://www.supremecourt.gov/opinions/17pdf/16-1466_2b3j.pdf, ,,A,585/2
385,72,6/27/18,"142, Orig.",Florida v. Georgia,https://www.supremecourt.gov/opinions/17pdf/142 orig_new_3ebh.pdf,11/02/18,https://www.supremecourt.gov/opinions/17pdf/142 origdiff_bocg.pdf,B,585/2
386,71,6/26/18,16-1140,National Institute of Family and Life Advocates v. Becerra,https://www.supremecourt.gov/opinions/17pdf/16-1140_5368.pdf, ,,T,585/2
387,70,6/26/18,17-965,Trump v. Hawaii,https://www.supremecourt.gov/opinions/17pdf/17-965_h315.pdf, ,,R,585/2
388,69,6/25/18,17-586,Abbott v. Perez,https://www.supremecourt.gov/opinions/17pdf/17-586_o7kq.pdf, ,,A,585/2
389,68,6/25/18,16-1454,Ohio v. American Express Co.,https://www.supremecourt.gov/opinions/17pdf/16-1454_new_1a72.pdf,6/25/18,https://www.supremecourt.gov/opinions/17pdf/16-1454diff_6579.pdf,T,585/2
390,67,6/22/18,16-1017,Cox v. United States,https://www.supremecourt.gov/opinions/17pdf/16-1017_ebfj.pdf, ,,PC,585/1
391,66,6/22/18,16-961,Dalmazzi v. United States,https://www.supremecourt.gov/opinions/17pdf/16-961_jiel.pdf, ,,PC,585/1
392,65,6/22/18,16-1348,Currier v. Virginia,https://www.supremecourt.gov/opinions/17pdf/16-1348_h315.pdf, ,,NG,585/1
393,64,6/22/18,16-1423,Ortiz v. United States,https://www.supremecourt.gov/opinions/17pdf/16-1423_new_dd9l.pdf,6/25/18,https://www.supremecourt.gov/opinions/17pdf/16-1423diff_26o1.pdf,EK,585/1
394,63,6/22/18,16-1011,WesternGeco LLC v. ION Geophysical Corp.,https://www.supremecourt.gov/opinions/17pdf/16-1011_6j37.pdf, ,,T,585/1
395,62,6/22/18,16-402,Carpenter v. United States,https://www.supremecourt.gov/opinions/17pdf/16-402_new_o75q.pdf,6/29/18,https://www.supremecourt.gov/opinions/17pdf/16-402diff_1oc3.pdf,R,585/1
396,61,6/21/18,17-530,Wisconsin Central Ltd. v. United States,https://www.supremecourt.gov/opinions/17pdf/17-530_6537.pdf, ,,NG,585/1
397,60,6/21/18,17-130,Lucia v. SEC,https://www.supremecourt.gov/opinions/17pdf/17-130_4f14.pdf, ,,EK,585/1
398,59,6/21/18,17-459,Pereira v. Sessions,https://www.supremecourt.gov/opinions/17pdf/17-459_1o13.pdf, ,,SS,585/1
399,58,6/21/18,17-494,"South Dakota v. Wayfair, Inc.",https://www.supremecourt.gov/opinions/17pdf/17-494_j4el.pdf, ,,K,585/1
400,57,6/18/18,17-333,Benisek v. Lamone,https://www.supremecourt.gov/opinions/17pdf/17-333_b97c.pdf, ,,PC,585/1
401,56,6/18/18,16-9493,Rosales-Mireles v. United States,https://www.supremecourt.gov/opinions/17pdf/16-9493_e0fi.pdf, ,,SS,585/1
402,55,6/18/18,17-5639,Chavez-Meza v. United States,https://www.supremecourt.gov/opinions/17pdf/17-5639_8m59.pdf, ,,B,585/1
403,54,6/18/18,17-21,Lozman v. Riviera Beach,https://www.supremecourt.gov/opinions/17pdf/17-21_p8k0.pdf, ,,K,585/1
404,53,6/18/18,16-1161,Gill v. Whitford,https://www.supremecourt.gov/opinions/17pdf/16-1161_dc8f.pdf, ,,R,585/1
405,52,6/14/18,16-1220,"Animal Science Products, Inc. v. Hebei Welcome Pharmaceutical Co.",https://www.supremecourt.gov/opinions/17pdf/16-1220_3e04.pdf, ,,G,585/1
406,51,6/14/18,16-1435,Minnesota Voters Alliance v. Mansky,https://www.supremecourt.gov/opinions/17pdf/16-1435_2co3.pdf, ,,R,585/1
407,50,6/11/18,17-269,Washington v. United States,https://www.supremecourt.gov/opinions/17pdf/17-269_3eb4.pdf, ,,PC,584/2
408,49,6/11/18,16-1432,Sveen v. Melin,https://www.supremecourt.gov/opinions/17pdf/16-1432_7j8b.pdf, ,,EK,584/2
409,48,6/11/18,16-980,Husted v. A. Philip Randolph Institute,https://www.supremecourt.gov/opinions/17pdf/16-980_f2q3.pdf, ,,A,584/2
410,47,6/11/18,17-432,"China Agritech, Inc. v. Resh",https://www.supremecourt.gov/opinions/17pdf/17-432_08m1.pdf, ,,G,584/2
411,46,6/04/18,17-654,Azar v. Garza,https://www.supremecourt.gov/opinions/17pdf/17-654_5j3b.pdf, ,,PC,584/2
412,45,6/04/18,16-1215,"Lamar, Archer & Cofrin, LLP v. Appling",https://www.supremecourt.gov/opinions/17pdf/16-1215_gdhk.pdf, ,,SS,584/2
413,44,6/04/18,17-5716,Koons v. United States,https://www.supremecourt.gov/opinions/17pdf/17-5716_jhek.pdf, ,,A,584/2
414,43,6/04/18,17-155,Hughes v. United States,https://www.supremecourt.gov/opinions/17pdf/17-155_new_4f15.pdf,6/05/18,https://www.supremecourt.gov/opinions/17pdf/17-155diff_6h78.pdf,K,584/2
415,42,6/04/18,16-111,"Masterpiece Cakeshop, Ltd. v. Colorado Civil Rights Comm’n",https://www.supremecourt.gov/opinions/17pdf/16-111_new2_22p3.pdf,6/04/186/13/18,https://www.supremecourt.gov/opinions/17pdf/16-111diff_868c.pdf,K,584/2
416,41,5/29/18,16-1495,City of Hays v. Vogt,https://www.supremecourt.gov/opinions/17pdf/16-1495_e1pf.pdf, ,,PC,584/2
417,40,5/29/18,16-1027,Collins v. Virginia,https://www.supremecourt.gov/opinions/17pdf/16-1027_7lio.pdf, ,,SS,584/2
418,39,5/29/18,16-1519,Lagos v. United States,https://www.supremecourt.gov/opinions/17pdf/16-1519_o7jp.pdf, ,,B,584/2
419,38,5/21/18,17-387,Upper Skagit Tribe v. Lundgren,https://www.supremecourt.gov/opinions/17pdf/17-387_ap6c.pdf, ,,NG,584/2
420,37,5/21/18,16-285,Epic Systems Corp. v. Lewis,https://www.supremecourt.gov/opinions/17pdf/16-285_q8l1.pdf, ,,NG,584/2
421,36,5/14/18,16-476,Murphy v. National Collegiate Athletic Assn.,https://www.supremecourt.gov/opinions/17pdf/16-476_dbfi.pdf, ,,A,584/2
422,35,5/14/18,17-43,Dahda v. United States,https://www.supremecourt.gov/opinions/17pdf/17-43_m648.pdf, ,,B,584/2
423,34,5/14/18,16-8255,McCoy v. Louisiana,https://www.supremecourt.gov/opinions/17pdf/16-8255_i4ek.pdf, ,,G,584/2
424,33,5/14/18,16-1371,Byrd v. United States,https://www.supremecourt.gov/opinions/17pdf/16-1371_1bn2.pdf, ,,K,584/2
425,32,5/14/18,17-312,United States v. Sanchez-Gomez,https://www.supremecourt.gov/opinions/17pdf/17-312_i426.pdf, ,,R,584/2
426,31,4/24/18,16-969,SAS Institute Inc. v. Iancu,https://www.supremecourt.gov/opinions/17pdf/16-969_f2qg.pdf, ,,NG,584/1
427,30,4/24/18,16-712,"Oil States Energy Services, LLC v. Greene’s Energy Group, LLC",https://www.supremecourt.gov/opinions/17pdf/16-712_87ad.pdf, ,,T,584/1
428,29,4/24/18,16-499,"Jesner v. Arab Bank, PLC",https://www.supremecourt.gov/opinions/17pdf/16-499_new_7648.pdf,4/30/18,https://www.supremecourt.gov/opinions/17pdf/16-499diff_868c.pdf,K,584/1
429,28,4/17/18,17-2,United States v. Microsoft Corp.,https://www.supremecourt.gov/opinions/17pdf/17-2_1824.pdf, ,,PC,584/1
430,27,4/17/18,15-1498,Sessions v. Dimaya,https://www.supremecourt.gov/opinions/17pdf/15-1498_1b8e.pdf, ,,EK,584/1
431,26,4/17/18,16-6855,Wilson v. Sellers,https://www.supremecourt.gov/opinions/17pdf/16-6855_c18e.pdf, ,,B,584/1
432,25,4/02/18,17-467,Kisela v. Hughes,https://www.supremecourt.gov/opinions/17pdf/17-467_bqm1.pdf, ,,PC,584/1
433,24,4/02/18,16-1362,"Encino Motorcars, LLC v. Navarro",https://www.supremecourt.gov/opinions/17pdf/16-1362_gfbh.pdf, ,,T,584/1
434,23,3/27/18,16-1150,Hall v. Hall,https://www.supremecourt.gov/opinions/17pdf/16-1150_3ebh.pdf, ,,R,584/1
435,22,3/21/18,16-6795,Ayestas v. Davis,https://www.supremecourt.gov/opinions/17pdf/16-6795_c9dh.pdf, ,,A,584/1
436,21,3/21/18,16-1144,Marinello v. United States,https://www.supremecourt.gov/opinions/17pdf/16-1144_p8k0.pdf, ,,B,584/1
437,20,3/20/18,15-1439,"Cyan, Inc. v. Beaver County Employees Retirement Fund",https://www.supremecourt.gov/opinions/17pdf/15-1439_8njq.pdf, ,,EK,583/2
438,19,3/05/18,"141, Orig.",Texas v. New Mexico,https://www.supremecourt.gov/opinions/17pdf/141orig_f204.pdf, ,,NG,583/2
439,18,3/05/18,15-1509,"U. S. Bank N. A. v. Village at Lakeridge, LLC",https://www.supremecourt.gov/opinions/17pdf/15-1509_4fbi.pdf, ,,EK,583/2
440,17,2/27/18,16-784,"Merit Management Group, LP v. FTI Consulting, Inc.",https://www.supremecourt.gov/opinions/17pdf/16-784_gdhk.pdf, ,,SS,583/2
441,16,2/27/18,15-1204,Jennings v. Rodriguez,https://www.supremecourt.gov/opinions/17pdf/15-1204_f29g.pdf, ,,A,583/2
442,15,2/27/18,16-498,Patchak v Zinke,https://www.supremecourt.gov/opinions/17pdf/16-498_new_6j37.pdf,11/06/18,https://www.supremecourt.gov/opinions/17pdf/16-498diff_42j7.pdf,T,583/2
443,14,2/21/18,16-1067,Murphy v. Smith,https://www.supremecourt.gov/opinions/17pdf/16-1067_q86b.pdf, ,,NG,583/2
444,13,2/21/18,16-534,Rubin v. Islamic Republic of Iran,https://www.supremecourt.gov/opinions/17pdf/16-534_6jfm.pdf, ,,SS,583/2
445,12,2/21/18,16-424,Class v. United States,https://www.supremecourt.gov/opinions/17pdf/16-424_g2bh.pdf, ,,B,583/2
446,11,2/21/18,16-1276,"Digital Realty Trust, Inc. v. Somers",https://www.supremecourt.gov/opinions/17pdf/16-1276_b0nd.pdf, ,,G,583/2
447,10,2/20/18,"137, Orig",Montana v Wyoming,https://www.supremecourt.gov/opinions/17pdf/137orig_new_2cp3.pdf,2/20/18,https://www.supremecourt.gov/opinions/17pdf/137origdiff_87be.pdf,D,583/2
448,9,2/20/18,17-515,CNH Industrial N. V. v. Reese,https://www.supremecourt.gov/opinions/17pdf/17-515_2c83.pdf, ,,PC,583/2
449,8,1/22/18,16-299,National Assn. of Mfrs. v. Department of Defense,https://www.supremecourt.gov/opinions/17pdf/16-299_8nk0.pdf, ,,SS,583/1
450,7,1/22/18,16-460,Artis v. District of Columbia,https://www.supremecourt.gov/opinions/17pdf/16-460_bqm2.pdf, ,,G,583/1
451,6,1/22/18,15-1485,District of Columbia v. Wesby,https://www.supremecourt.gov/opinions/17pdf/15-1485_new_8n59.pdf,1/22/18,https://www.supremecourt.gov/opinions/17pdf/15-1485diff_758b.pdf,T,583/1
452,5,1/08/18,17-6075,Tharpe v. Sellers,https://www.supremecourt.gov/opinions/17pdf/17-6075_p8k0.pdf, ,,PC,583/1
453,4,12/20/17,17-801,In Re United States,https://www.supremecourt.gov/opinions/17pdf/17-801_6jgm.pdf, ,,PC,583/1
454,3,11/08/17,16-658,Hamer v. Neighborhood Housing Servs. of Chicago,https://www.supremecourt.gov/opinions/17pdf/16-658_p86b.pdf, ,,G,583/1
455,2,11/06/17,17-193,Dunn v. Madison,https://www.supremecourt.gov/opinions/17pdf/17-193_6j37.pdf, ,,PC,583/1
456,1,11/06/17,16-1468,Kernan v. Cuero,https://www.supremecourt.gov/opinions/17pdf/16-1468_1a72.pdf, ,,PC,583/1
457,10,1/22/19,17-1229,"Helsinn Healthcare S. A. v. Teva Pharmaceuticals USA, Inc.",https://www.supremecourt.gov/opinions/18pdf/17-1229_2co3.pdf, ,,T,586/1
458,9,1/15/19,17-340,New Prime Inc. v. Oliveira,https://www.supremecourt.gov/opinions/18pdf/17-340_o7kq.pdf, ,,NG,586/1
459,8,1/15/19,17-5554,Stokeling v. United States,https://www.supremecourt.gov/opinions/18pdf/17-5554_4gdj.pdf, ,,T,586/1
460,7,1/08/19,17-1272,"Henry Schein, Inc. v. Archer & White Sales, Inc.",https://www.supremecourt.gov/opinions/18pdf/17-1272_7l48.pdf, ,,BK,586/1
461,6,1/08/19,17-773,Culbertson v. Berryhill,https://www.supremecourt.gov/opinions/18pdf/17-773_4h25.pdf, ,,T,586/1
462,5,1/07/19,18-56,Shoop v. Hill,https://www.supremecourt.gov/opinions/18pdf/18-56_3d9g.pdf, ,,PC,586/1
463,4,1/07/19,17-1660,Escondido v. Emmons,https://www.supremecourt.gov/opinions/18pdf/17-1660_5ifl.pdf, ,,PC,586/1
464,3,12/10/18,17-765,United States v. Stitt,https://www.supremecourt.gov/opinions/18pdf/17-765_2co3.pdf, ,,B,586/1
465,2,11/27/18,17-71,Weyerhaeuser Co. v. United States Fish and Wildlife Serv.,https://www.supremecourt.gov/opinions/18pdf/17-71_omjp.pdf, ,,R,586/1
466,1,11/06/18,17-587,Mount Lemmon Fire Dist. v. Guido,https://www.supremecourt.gov/opinions/18pdf/17-587_n7ip.pdf, ,,G,586/1
